chunk_size,num_docs,vocab_size,c_v_coherence
3000,5203,54927,0.590828
5000,4023,54027,0.597845
10000,3156,52844,0.542577
